{
  "version": "1",
  "cognitoConfig": {
    "identityPoolName": "connecttranslateblog690eb6d1_identitypool_690eb6d1",
    "allowUnauthenticatedIdentities": false,
    "resourceNameTruncated": "connec690eb6d1",
    "userPoolName": "connecttranslateblog690eb6d1_userpool_690eb6d1",
    "autoVerifiedAttributes": [
      "email"
    ],
    "mfaConfiguration": "OFF",
    "mfaTypes": [
      "SMS Text Message"
    ],
    "smsAuthenticationMessage": "Your authentication code is {####}",
    "smsVerificationMessage": "Your verification code is {####}",
    "emailVerificationSubject": "Your verification code",
    "emailVerificationMessage": "Your verification code is {####}",
    "defaultPasswordPolicy": false,
    "passwordPolicyMinLength": 8,
    "passwordPolicyCharacters": [],
    "requiredAttributes": [
      "email"
    ],
    "aliasAttributes": [],
    "userpoolClientGenerateSecret": false,
    "userpoolClientRefreshTokenValidity": 30,
    "userpoolClientWriteAttributes": [
      "email"
    ],
    "userpoolClientReadAttributes": [
      "email"
    ],
    "userpoolClientLambdaRole": "connec690eb6d1_userpoolclient_lambda_role",
    "userpoolClientSetAttributes": false,
    "authSelections": "identityPoolAndUserPool",
    "resourceName": "connecttranslateblog690eb6d1",
    "serviceName": "Cognito",
    "useDefault": "manual",
    "sharedId": "690eb6d1",
    "userPoolGroupList": [],
    "usernameAttributes": [
      "email"
    ],
    "authRoleArn": {
      "Fn::GetAtt": [
        "AuthRole",
        "Arn"
      ]
    },
    "unauthRoleArn": {
      "Fn::GetAtt": [
        "UnauthRole",
        "Arn"
      ]
    },
    "breakCircularDependency": false,
    "useEnabledMfas": false,
    "dependsOn": [],
    "thirdPartyAuth": false,
    "userPoolGroups": false,
    "adminQueries": false,
    "triggers": {},
    "hostedUI": false,
    "authProviders": [],
    "parentStack": {
      "Ref": "AWS::StackId"
    },
    "permissions": []
  }
}